[
    {
        "type": "PPLOG DP",
        "details": {
            "length": 10072,
            "width": 2500,
            "height": 3945,
            "tire": "365/85R20 XZL TL 164G",
            "runflat": "VFI",
            "capacity": "3"
        },
        "tank": {
            "main": "300 l",
            "secondary": "200 l",
            "addonBlue": "45 l",
            "washerFluid": "2 l"
        },
        "equipment": {
            "engineOilPan": "28 l\n(+ 2.5 l)",
            "gearbox": "13.0 l",
            "transfertCase": "6.5 l",
            "foredeck": "5.0 l",
            "interForedeck": "6.5 l",
            "reducer": "0.75 l",
            "interReardeck": "27 l",
            "reardeck": "16 l"
        },
        "system": {
            "coolingSystem": "30 l",
            "powerSteering": "16 l",
            "airConditioner": "0.8 l",
            "cabTilting": "1 l",
            "spareWheel": "1 l",
            "bch": "115 l"
        },
        "pressure": [
            { 
                "ground": "Route",
                "description": "V.max 90km/h",
                "settings": [
                    { "weight": 21600, "frontAxle": 4.4, "rearAxle": 3.1 },
                    { "weight": 27000, "frontAxle": 6.3, "rearAxle": 5.7 },
                    { "weight": 32000, "frontAxle": 6.3, "rearAxle": 7.5 },
                    { "weight": 37000, "frontAxle": 6.3, "rearAxle": 7.5 }
                ]
            },
            { 
                "ground": "Piste",
                "description": "V.max 65km/h",
                "settings": [
                    { "weight": 21600, "frontAxle": 3.6, "rearAxle": 2.4 },
                    { "weight": 27000, "frontAxle": 5.4, "rearAxle": 4.8 },
                    { "weight": 32000, "frontAxle": 5.4, "rearAxle": 5.9 },
                    { "weight": 37000, "frontAxle": 5.9, "rearAxle": 7 }
                ]
            },
            { 
                "ground": "Boue/Sable",
                "description": "V.max 20km/h",
                "settings": [
                    { "weight": 21600, "frontAxle": 1.9, "rearAxle": 1.2 },
                    { "weight": 27000, "frontAxle": 3.5, "rearAxle": 2.7 },
                    { "weight": 32000, "frontAxle": 3.5, "rearAxle": 4.2 },
                    { "weight": 37000, "frontAxle": 3.5, "rearAxle": 4.2 }
                ]
            },
            { 
                "ground": "Urgence",
                "description": "V.max 15km/h (***)",
                "settings": [
                    { "weight": 21600, "frontAxle": 2, "rearAxle": 1.1 },
                    { "weight": 27000, "frontAxle": 2.2, "rearAxle": 2 },
                    { "weight": 32000, "frontAxle": 2.2, "rearAxle": 2.7 },
                    { "weight": 37000, "frontAxle": 2.2, "rearAxle": 2.7 }
                ]
            }
        ]
    },
    {
        "type": "PPLOG NP",
        "details": {},
        "tank": {},
        "equipment": {},
        "system": {},
        "pressure": {}
    },
    {
        "type": "PRV LUX CSec",
        "details": {},
        "tank": {},
        "equipment": {},
        "system": {},
        "pressure": {}
    },
    {
        "type": "PRV LUX CEq",
        "details": {},
        "tank": {},
        "equipment": {},
        "system": {},
        "pressure": {}
    }
]