[
    { "name": "PPLOG DP", "plate":"61330040", "vinNumber": "ZCNSM8845DP610519", "registrationDate": "2013-07-15 00:00:00", "status": null, "type": null, "fleet": null, "equipments": [], "parts": [], "squad": { "name": "ET"} },
    { "name": "PPLOG DP", "plate":"61330046", "vinNumber": "ZCNSM8845DP610527", "registrationDate": "2013-07-15 00:00:00", "status": null, "type": null, "fleet": null, "equipments": [], "parts": [], "squad": { "name": "ET"} },
    { "name": "PPLOG DP", "plate":"61330067", "vinNumber": "ZCNSM8845DP610543", "registrationDate": "2013-11-15 00:00:00", "status": null, "type": null, "fleet": null, "equipments": [], "parts": [], "squad": { "name": "ET"} },
    { "name": "PPLOG DP", "plate":"61330072", "vinNumber": "ZCNSM8845DP610548", "registrationDate": "2013-10-15 00:00:00", "status": null, "type": null, "fleet": null, "equipments": [], "parts": [], "squad": { "name": "ET"} },
    { "name": "PPLOG DP", "plate":"61330079", "vinNumber": "ZCNSM8845DP610554", "registrationDate": "2013-10-15 00:00:00", "status": null, "type": null, "fleet": null, "equipments": [], "parts": [], "squad": { "name": "ET"} },
    { "name": "PPLOG DP", "plate":"61330092", "vinNumber": "ZCNSM8845DP610564", "registrationDate": "2013-11-15 00:00:00", "status": null, "type": null, "fleet": null, "equipments": [], "parts": [], "squad": { "name": "ET"} },
    { "name": "PPLOG DP", "plate":"61330093", "vinNumber": "ZCNSM8845DP610565", "registrationDate": "2013-11-15 00:00:00", "status": null, "type": null, "fleet": null, "equipments": [], "parts": [], "squad": { "name": "ET"} },
    { "name": "PPLOG DP", "plate":"61330100", "vinNumber": "ZCNSM8845DP610573", "registrationDate": "2013-11-15 00:00:00", "status": null, "type": null, "fleet": null, "equipments": [], "parts": [], "squad": { "name": "ET"} },
    { "name": "PPLOG NP", "plate":"61530087", "vinNumber": "ZCNSM8830FPM00226", "registrationDate": null, "status": null, "type": null, "fleet": null, "equipments": [], "parts": [], "squad": { "name": "ET"} },
    { "name": "PPLOG NP", "plate":"61530088", "vinNumber": "ZCNSM8830FPM00237", "registrationDate": "2016-03-04 00:00:00", "status": null, "type": null, "fleet": null, "equipments": [], "parts": [], "squad": { "name": "ET"} },
    { "name": "PPLOG NP", "plate":"61530089", "vinNumber": "ZCNSM8830FPM00128", "registrationDate": null, "status": null, "type": null, "fleet": null, "equipments": [], "parts": [], "squad": { "name": "ET"} },
    { "name": "PPLOG NP", "plate":"61530090", "vinNumber": "ZCNSM8830FPM00125", "registrationDate": "2016-03-23 00:00:00", "status": null, "type": null, "fleet": null, "equipments": [], "parts": [], "squad": { "name": "ET"} },
    { "name": "PPLOG NP", "plate":"61530091", "vinNumber": "ZCNSM8830FPM00235", "registrationDate": "2016-03-23 00:00:00", "status": null, "type": null, "fleet": null, "equipments": [], "parts": [], "squad": { "name": "ET"} },
    { "name": "PPLOG NP", "plate":"61530092", "vinNumber": "ZCNSM8830FPM00140", "registrationDate": null, "status": null, "type": null, "fleet": null, "equipments": [], "parts": [], "squad": { "name": "ET"} },
    { "name": "PPLOG NP", "plate":"61530101", "vinNumber": "ZCNSM8830FPM00236", "registrationDate": null, "status": null, "type": null, "fleet": null, "equipments": [], "parts": [], "squad": { "name": "ET"} },
    { "name": "PPLOG NP", "plate":"61530103", "vinNumber": "ZCNSM8830FPM00127", "registrationDate": null, "status": null, "type": null, "fleet": null, "equipments": [], "parts": [], "squad": { "name": "ET"} },
    { "name": "PPLOG NP", "plate":"61530125", "vinNumber": "ZCNSM8830FPM00248", "registrationDate": "2016-04-08 00:00:00", "status": null, "type": null, "fleet": null, "equipments": [], "parts": [], "squad": { "name": "ET"} },
    { "name": "PPLOG NP", "plate":"61530126", "vinNumber": "ZCNSM8830FPM00249", "registrationDate": "2016-04-08 00:00:00", "status": null, "type": null, "fleet": null, "equipments": [], "parts": [], "squad": { "name": "ET"} },
    { "name": "PPLOG NP", "plate":"61530127", "vinNumber": "ZCNSM8830FPM00296", "registrationDate": "2016-04-08 00:00:00", "status": null, "type": null, "fleet": null, "equipments": [], "parts": [], "squad": { "name": "ET"} },
    { "name": "PPLOG NP", "plate":"61530128", "vinNumber": "ZCNSM8830FPM00295", "registrationDate": "2016-04-08 00:00:00", "status": null, "type": null, "fleet": null, "equipments": [], "parts": [], "squad": { "name": "ET"} },
    { "name": "PPLOG NP", "plate":"61530129", "vinNumber": "ZCNSM8830FPM00292", "registrationDate": "2016-04-08 00:00:00", "status": null, "type": null, "fleet": null, "equipments": [], "parts": [], "squad": { "name": "ET"} },
    { "name": "PPLOG NP", "plate":"61630026", "vinNumber": "ZCNSM8830FPM00153", "registrationDate": "2016-05-04 00:00:00", "status": null, "type": null, "fleet": null, "equipments": [], "parts": [], "squad": { "name": "ET"} },
    { "name": "PPLOG NP", "plate":"61630027", "vinNumber": "ZCNSM8830FPM00262", "registrationDate": "2016-05-04 00:00:00", "status": null, "type": null, "fleet": null, "equipments": [], "parts": [], "squad": { "name": "ET"} },
    { "name": "PPLOG NP", "plate":"61630028", "vinNumber": "ZCNSM8830FPM00306", "registrationDate": "2016-05-04 00:00:00", "status": null, "type": null, "fleet": null, "equipments": [], "parts": [], "squad": { "name": "ET"} },
    { "name": "PPLOG NP", "plate":"61630160", "vinNumber": "ZCNSM8830GPM00493", "registrationDate": "2016-09-23 00:00:00", "status": null, "type": null, "fleet": null, "equipments": [], "parts": [], "squad": { "name": "ET"} },
    { "name": "PPLOG NP", "plate":"61630161", "vinNumber": "ZCNSM8830GPM00490", "registrationDate": "2016-09-23 00:00:00", "status": null, "type": null, "fleet": null, "equipments": [], "parts": [], "squad": { "name": "ET"} },
    { "name": "PPLOG NP", "plate":"61630162", "vinNumber": "ZCNSM8830GPM00489", "registrationDate": "2016-09-23 00:00:00", "status": null, "type": null, "fleet": null, "equipments": [], "parts": [], "squad": { "name": "ET"} },
    { "name": "PPLOG NP", "plate":"61630166", "vinNumber": "ZCNSM8830GPM00492", "registrationDate": "2016-09-23 00:00:00", "status": null, "type": null, "fleet": null, "equipments": [], "parts": [], "squad": { "name": "ET"} },
    { "name": "PPLOG NP", "plate":"61630167", "vinNumber": "ZCNSM8830FPM00405", "registrationDate": "2016-09-23 00:00:00", "status": null, "type": null, "fleet": null, "equipments": [], "parts": [], "squad": { "name": "ET"} },
    { "name": "PPLOG NP", "plate":"61630168", "vinNumber": "ZCNSM8830GPM00494", "registrationDate": "2016-09-23 00:00:00", "status": null, "type": null, "fleet": null, "equipments": [], "parts": [], "squad": { "name": "ET"} },
    { "name": "PPLOG NP", "plate":"61630169", "vinNumber": "ZCNSM8830GPM00497", "registrationDate": "2016-09-23 00:00:00", "status": null, "type": null, "fleet": null, "equipments": [], "parts": [], "squad": { "name": "ET"} },
    { "name": "PPLOG NP", "plate":"61630170", "vinNumber": "ZCNSM8830GPM00495", "registrationDate": "2016-09-23 00:00:00", "status": null, "type": null, "fleet": null, "equipments": [], "parts": [], "squad": { "name": "ET"} },
    { "name": "PPLOG NP", "plate":"61630437", "vinNumber": "ZCNSM8830GPM00797", "registrationDate": "2017-03-15 00:00:00", "status": null, "type": null, "fleet": null, "equipments": [], "parts": [], "squad": { "name": "ET"} },
    { "name": "PPLOG NP", "plate":"61630438", "vinNumber": "ZCNSM8830GPM00802", "registrationDate": "2017-03-15 00:00:00", "status": null, "type": null, "fleet": null, "equipments": [], "parts": [], "squad": { "name": "ET"} },
    { "name": "PPLOG NP", "plate":"61630439", "vinNumber": "ZCNSM8830GPM00806", "registrationDate": "2017-03-15 00:00:00", "status": null, "type": null, "fleet": null, "equipments": [], "parts": [], "squad": { "name": "ET"} },
    { "name": "PPLOG NP", "plate":"61630440", "vinNumber": "ZCNSM8830GPM00807", "registrationDate": "2017-03-15 00:00:00", "status": null, "type": null, "fleet": null, "equipments": [], "parts": [], "squad": { "name": "ET"} },
    { "name": "PPLOG NP", "plate":"61730177", "vinNumber": "ZCNSM8830GPM00927", "registrationDate": "2017-09-29 00:00:00", "status": null, "type": null, "fleet": null, "equipments": [], "parts": [], "squad": { "name": "ET"} },
    { "name": "PPLOG NP", "plate":"61730178", "vinNumber": "ZCNSM8830GPM00928", "registrationDate": "2017-09-29 00:00:00", "status": null, "type": null, "fleet": null, "equipments": [], "parts": [], "squad": { "name": "ET"} },
    { "name": "PPLOG NP", "plate":"61730179", "vinNumber": "ZCNSM8830HPM00931", "registrationDate": "2017-09-29 00:00:00", "status": null, "type": null, "fleet": null, "equipments": [], "parts": [], "squad": { "name": "ET"} },
    { "name": "PPLOG NP", "plate":"61730180", "vinNumber": "ZCNSM8830GPM00926", "registrationDate": "2017-09-29 00:00:00", "status": null, "type": null, "fleet": null, "equipments": [], "parts": [], "squad": { "name": "ET"} },
    { "name": "PPLOG NP", "plate":"61730181", "vinNumber": "ZCNSM8830GPM00924", "registrationDate": "2017-09-29 00:00:00", "status": null, "type": null, "fleet": null, "equipments": [], "parts": [], "squad": { "name": "ET"} },
    { "name": "PPLOG NP", "plate":"61730182", "vinNumber": "ZCNSM8830GPM00925", "registrationDate": "2017-09-29 00:00:00", "status": null, "type": null, "fleet": null, "equipments": [], "parts": [], "squad": { "name": "ET"} },
    { "name": "PPLOG NP", "plate":"61730183", "vinNumber": "ZCNSM8830GPM00915", "registrationDate": "2017-09-29 00:00:00", "status": null, "type": null, "fleet": null, "equipments": [], "parts": [], "squad": { "name": "ET"} },
    { "name": "PPLOG NP", "plate":"61730184", "vinNumber": "ZCNSM8830GPM00929", "registrationDate": "2017-09-29 00:00:00", "status": null, "type": null, "fleet": null, "equipments": [], "parts": [], "squad": { "name": "NTI1"} },
    { "name": "PPLOG NP", "plate":"61730305", "vinNumber": "ZCNSM8830HPM01076", "registrationDate": "2017-12-19 00:00:00", "status": null, "type": null, "fleet": null, "equipments": [], "parts": [], "squad": { "name": "ET"} },
    { "name": "PPLOG NP", "plate":"61730306", "vinNumber": "ZCNSM8830HPM01077", "registrationDate": "2017-12-19 00:00:00", "status": null, "type": null, "fleet": null, "equipments": [], "parts": [], "squad": { "name": "ET"} },
    { "name": "PPLOG NP", "plate":"61730307", "vinNumber": "ZCNSM8830HPM01070", "registrationDate": "2017-12-19 00:00:00", "status": null, "type": null, "fleet": null, "equipments": [], "parts": [], "squad": { "name": "ET"} },
    { "name": "PPLOG NP", "plate":"61730308", "vinNumber": "ZCNSM8830HPM01071", "registrationDate": "2017-12-19 00:00:00", "status": null, "type": null, "fleet": null, "equipments": [], "parts": [], "squad": { "name": "ET"} },
    { "name": "PPLOG NP", "plate":"61730309", "vinNumber": "ZCNSM8830HPM01072", "registrationDate": "2017-12-19 00:00:00", "status": null, "type": null, "fleet": null, "equipments": [], "parts": [], "squad": { "name": "ET"} },
    { "name": "PPLOG NP", "plate":"61730310", "vinNumber": "ZCNSM8830HPM01079", "registrationDate": "2017-12-19 00:00:00", "status": null, "type": null, "fleet": null, "equipments": [], "parts": [], "squad": { "name": "ET"} },
    { "name": "PPLOG NP", "plate":"61730312", "vinNumber": "ZCNSM8830HPM01087", "registrationDate": "2017-12-19 00:00:00", "status": null, "type": null, "fleet": null, "equipments": [], "parts": [], "squad": { "name": "ET"} },
    { "name": "PPLOG NP", "plate":"61730313", "vinNumber": "ZCNSM8830HPM01089", "registrationDate": "2017-12-19 00:00:00", "status": null, "type": null, "fleet": null, "equipments": [], "parts": [], "squad": { "name": "ET"} },
    { "name": "PPLOG NP", "plate":"61730314", "vinNumber": "ZCNSM8830HPM01037", "registrationDate": "2017-12-19 00:00:00", "status": null, "type": null, "fleet": null, "equipments": [], "parts": [], "squad": { "name": "ET"} },
    { "name": "PPLOG NP", "plate":"61730315", "vinNumber": "ZCNSM8830HPM01080", "registrationDate": "2017-12-19 00:00:00", "status": null, "type": null, "fleet": null, "equipments": [], "parts": [], "squad": { "name": "ER"} }
]