[{
    "name": "default",
    "type": "postgres",
    "host": "localhost",
    "port": 5432,
    "username": "mfadmin",
    "password": "mfAdm1n",
    "database": "milfleet_node_db",
    "synchronize": true,
    "logging": false,
    "entities": [
        "src/entities/**/*.ts"
    ],
    "migrations": [
        "src/migration/**/*.ts"
    ],
    "subscribers": [
        "src/subscriber/**/*.ts"
    ],
    "cli": {
        "entitiesDir": "src/entities",
        "migrationsDir": "src/migration",
        "subscribersDir": "src/subscriber"
    }
}, {
    "name": "hums",
    "type": "postgres",
    "host": "localhost",
    "port": 5432,
    "username": "mfadmin",
    "password": "mfAdm1n",
    "database": "milfleet"
}]